<?xml version="1.0" encoding="UTF-8"?>
<templates>
	<template category="Newsletters">
		<name>Crimson-Simple</name>
		<file>Crimson-Simple.sla</file>
		<tnail>Crimson-Simpletn.png</tnail>
		<img>Crimson-Simple.png</img>
		<psize>A4, portrait</psize>
		<color></color>
		<descr>A gorgeous newsletter template optimized for readability. Crimson Simple is easy to use and configure, and can be scaled up to more complex layouts. It based on the amazing serif font Crimson Text by Sebastian Kosch.</descr>
		<usage>Norbert, Crimson Simple, 4/05/2018. URL: http://scribus-templates.net
Copyleft: This is a free work, you can copy, distribute, and modify it under the terms of the Free Art License
http://artlibre.org/licence/lal/en/</usage>
		<scribus_version>1.4.8</scribus_version>
		<date>2019-07-02</date>
		<author>scribus-templates.net</author>
		<email>info@scribus-templates.net</email>
	</template>
</templates>
