<?xml version="1.0" encoding="UTF-8"?>
<templates>
	<template category="Text Documents">
		<name>Boilerplate</name>
		<file>Boilerplate.sla</file>
		<tnail>Boilerplatetn.png</tnail>
		<img>Boilerplate.png</img>
		<psize>A4, portrait</psize>
		<color></color>
		<descr>Boilerplate is exactly what the name suggests: a great starter kit for almost any project on Scribus. It is based on Barlow, designed by Jeremy Tribby.</descr>
		<usage>Norbert, Boilerplate, 1/05/2018. URL: http://scribus-templates.net
Copyleft: This is a free work, you can copy, distribute, and modify it under the terms of the Free Art License
http://artlibre.org/licence/lal/en/</usage>
		<scribus_version>1.4.8</scribus_version>
		<date>2019-07-02</date>
		<author>scribus-templates.net</author>
		<email>info@scribus-templates.net</email>
	</template>
</templates>
